<?xml version="1.0" encoding="UTF-8"?>
<metadata xml:lang="en"><Esri><CreaDate>20250223</CreaDate><CreaTime>22453100</CreaTime><ArcGISFormat>1.0</ArcGISFormat><SyncOnce>FALSE</SyncOnce><DataProperties><lineage><Process ToolSource="c:\users\gustavoayala\appdata\local\programs\arcgis\pro\Resources\ArcToolbox\toolboxes\Data Management Tools.tbx\DefineProjection" Date="20250223" Time="224531">DefineProjection "Balance Hidrico Superficial" GEOGCS["GCS_WGS_1984",DATUM["D_WGS_1984",SPHEROID["WGS_1984",6378137.0,298.257223563]],PRIMEM["Greenwich",0.0],UNIT["Degree",0.0174532925199433]]</Process><Process ToolSource="c:\users\gustavoayala\appdata\local\programs\arcgis\pro\Resources\ArcToolbox\toolboxes\Conversion Tools.tbx\ExportFeatures" Date="20250803" Time="130309">ExportFeatures WEAPCatchment "C:\Users\GustavoAyala\Dropbox\SEI Research Associate\Planificacion 2025\RA_ejercicio\WEAP_Catchment.shp" # NOT_USE_ALIAS "ObjID "ObjID" true true false 6 Long 0 6,First,#,WEAPCatchment,ObjID,-1,-1;BasinID "BasinID" true true false 6 Long 0 6,First,#,WEAPCatchment,BasinID,-1,-1;Name "Name" true true false 80 Text 0 0,First,#,WEAPCatchment,Name,0,79;NumCells "NumCells" true true false 12 Double 0 12,First,#,WEAPCatchment,NumCells,-1,-1;Area_KM2 "Area_KM2" true true false 15 Double 3 14,First,#,WEAPCatchment,Area_KM2,-1,-1;PourPtLon "PourPtLon" true true false 11 Double 6 10,First,#,WEAPCatchment,PourPtLon,-1,-1;PourPtLat "PourPtLat" true true false 11 Double 6 10,First,#,WEAPCatchment,PourPtLat,-1,-1;HeadFPtLon "HeadFPtLon" true true false 11 Double 6 10,First,#,WEAPCatchment,HeadFPtLon,-1,-1;HeadFPtLat "HeadFPtLat" true true false 11 Double 6 10,First,#,WEAPCatchment,HeadFPtLat,-1,-1;lDrawRiver "lDrawRiver" true true false 1 Short 0 0,First,#,WEAPCatchment,lDrawRiver,-1,-1;RiverID "RiverID" true true false 6 Long 0 6,First,#,WEAPCatchment,RiverID,-1,-1;lRiverEnd "lRiverEnd" true true false 1 Short 0 0,First,#,WEAPCatchment,lRiverEnd,-1,-1;InflowLon "InflowLon" true true false 11 Double 6 10,First,#,WEAPCatchment,InflowLon,-1,-1;InflowLat "InflowLat" true true false 11 Double 6 10,First,#,WEAPCatchment,InflowLat,-1,-1;MinElev "MinElev" true true false 5 Long 0 5,First,#,WEAPCatchment,MinElev,-1,-1;MaxElev "MaxElev" true true false 5 Long 0 5,First,#,WEAPCatchment,MaxElev,-1,-1;AvgElev "AvgElev" true true false 5 Long 0 5,First,#,WEAPCatchment,AvgElev,-1,-1" #</Process><Process ToolSource="c:\users\gustavoayala\appdata\local\programs\arcgis\pro\Resources\ArcToolbox\toolboxes\Data Management Tools.tbx\UpdateSchema" Date="20250803" Time="131248">UpdateSchema "CIMDATA=&lt;CIMStandardDataConnection xsi:type='typens:CIMStandardDataConnection' xmlns:xsi='http://www.w3.org/2001/XMLSchema-instance' xmlns:xs='http://www.w3.org/2001/XMLSchema' xmlns:typens='http://www.esri.com/schemas/ArcGIS/3.5.0'&gt;&lt;WorkspaceFactory&gt;Shapefile&lt;/WorkspaceFactory&gt;&lt;Dataset&gt;WEAP_Catchment&lt;/Dataset&gt;&lt;DatasetType&gt;esriDTFeatureClass&lt;/DatasetType&gt;&lt;/CIMStandardDataConnection&gt;" &lt;operationSequence&gt;&lt;workflow&gt;&lt;DeleteField&gt;&lt;field_name&gt;NumCells&lt;/field_name&gt;&lt;field_name&gt;Area_KM2&lt;/field_name&gt;&lt;field_name&gt;PourPtLon&lt;/field_name&gt;&lt;field_name&gt;PourPtLat&lt;/field_name&gt;&lt;field_name&gt;HeadFPtLon&lt;/field_name&gt;&lt;field_name&gt;HeadFPtLat&lt;/field_name&gt;&lt;field_name&gt;lDrawRiver&lt;/field_name&gt;&lt;field_name&gt;RiverID&lt;/field_name&gt;&lt;field_name&gt;lRiverEnd&lt;/field_name&gt;&lt;field_name&gt;InflowLon&lt;/field_name&gt;&lt;field_name&gt;InflowLat&lt;/field_name&gt;&lt;field_name&gt;MinElev&lt;/field_name&gt;&lt;field_name&gt;MaxElev&lt;/field_name&gt;&lt;field_name&gt;AvgElev&lt;/field_name&gt;&lt;/DeleteField&gt;&lt;/workflow&gt;&lt;/operationSequence&gt;</Process><Process ToolSource="c:\users\gustavoayala\appdata\local\programs\arcgis\pro\Resources\ArcToolbox\toolboxes\Data Management Tools.tbx\DeleteField" Date="20250803" Time="131301">DeleteField WEAP_Catchment BasinID DELETE_FIELDS</Process><Process ToolSource="c:\program files\arcgis\pro\Resources\ArcToolbox\toolboxes\Data Management Tools.tbx\JoinField" Date="20250818" Time="212824">JoinField C:\Users\USUARIO\Downloads\SEI\Weap_data\WEAP_Catchment.shp Name WEAP_Escorrentia_completo.csv Branch # NOT_USE_FM # NO_INDEXES</Process><Process ToolSource="c:\program files\arcgis\pro\Resources\ArcToolbox\toolboxes\Data Management Tools.tbx\UpdateSchema" Date="20250818" Time="212902">UpdateSchema "CIMDATA=&lt;CIMStandardDataConnection xsi:type='typens:CIMStandardDataConnection' xmlns:xsi='http://www.w3.org/2001/XMLSchema-instance' xmlns:xs='http://www.w3.org/2001/XMLSchema' xmlns:typens='http://www.esri.com/schemas/ArcGIS/3.5.0'&gt;&lt;WorkspaceFactory&gt;Shapefile&lt;/WorkspaceFactory&gt;&lt;Dataset&gt;WEAP_Catchment&lt;/Dataset&gt;&lt;DatasetType&gt;esriDTFeatureClass&lt;/DatasetType&gt;&lt;/CIMStandardDataConnection&gt;" &lt;operationSequence&gt;&lt;workflow&gt;&lt;AddField&gt;&lt;field_name&gt;area_total&lt;/field_name&gt;&lt;field_type&gt;FLOAT&lt;/field_type&gt;&lt;field_is_nullable&gt;False&lt;/field_is_nullable&gt;&lt;field_is_required&gt;False&lt;/field_is_required&gt;&lt;/AddField&gt;&lt;/workflow&gt;&lt;/operationSequence&gt;</Process><Process ToolSource="c:\program files\arcgis\pro\Resources\ArcToolbox\toolboxes\Data Management Tools.tbx\CalculateGeometryAttributes" Date="20250818" Time="212946">CalculateGeometryAttributes WEAP_Catchment "area_total AREA_GEODESIC" # SQUARE_KILOMETERS GEOGCS["GCS_WGS_1984",DATUM["D_WGS_1984",SPHEROID["WGS_1984",6378137.0,298.257223563]],PRIMEM["Greenwich",0.0],UNIT["Degree",0.0174532925199433]] SAME_AS_INPUT</Process></lineage><itemProps><itemName Sync="TRUE">WEAP_Catchment</itemName><imsContentType Sync="TRUE">002</imsContentType><itemSize Sync="TRUE">0.000</itemSize><itemLocation><linkage Sync="TRUE">file://\\GUSTAVO_AYALA_T\C$\Users\GustavoAyala\Dropbox\SEI Research Associate\Planificacion 2025\RA_ejercicio\WEAP_Catchment.shp</linkage><protocol Sync="TRUE">Local Area Network</protocol></itemLocation></itemProps><coordRef><type Sync="TRUE">Geographic</type><geogcsn Sync="TRUE">GCS_WGS_1984</geogcsn><csUnits Sync="TRUE">Angular Unit: Degree (0.017453)</csUnits><peXml Sync="TRUE">&lt;GeographicCoordinateSystem xsi:type='typens:GeographicCoordinateSystem' xmlns:xsi='http://www.w3.org/2001/XMLSchema-instance' xmlns:xs='http://www.w3.org/2001/XMLSchema' xmlns:typens='http://www.esri.com/schemas/ArcGIS/3.5.0'&gt;&lt;WKT&gt;GEOGCS[&amp;quot;GCS_WGS_1984&amp;quot;,DATUM[&amp;quot;D_WGS_1984&amp;quot;,SPHEROID[&amp;quot;WGS_1984&amp;quot;,6378137.0,298.257223563]],PRIMEM[&amp;quot;Greenwich&amp;quot;,0.0],UNIT[&amp;quot;Degree&amp;quot;,0.0174532925199433],AUTHORITY[&amp;quot;EPSG&amp;quot;,4326]]&lt;/WKT&gt;&lt;XOrigin&gt;-400&lt;/XOrigin&gt;&lt;YOrigin&gt;-400&lt;/YOrigin&gt;&lt;XYScale&gt;11258999068426.238&lt;/XYScale&gt;&lt;ZOrigin&gt;-100000&lt;/ZOrigin&gt;&lt;ZScale&gt;10000&lt;/ZScale&gt;&lt;MOrigin&gt;-100000&lt;/MOrigin&gt;&lt;MScale&gt;10000&lt;/MScale&gt;&lt;XYTolerance&gt;8.983152841195215e-09&lt;/XYTolerance&gt;&lt;ZTolerance&gt;0.001&lt;/ZTolerance&gt;&lt;MTolerance&gt;0.001&lt;/MTolerance&gt;&lt;HighPrecision&gt;true&lt;/HighPrecision&gt;&lt;LeftLongitude&gt;-180&lt;/LeftLongitude&gt;&lt;WKID&gt;4326&lt;/WKID&gt;&lt;LatestWKID&gt;4326&lt;/LatestWKID&gt;&lt;/GeographicCoordinateSystem&gt;</peXml></coordRef></DataProperties><SyncDate>20250803</SyncDate><SyncTime>13030900</SyncTime><ModDate>20250803</ModDate><ModTime>13030900</ModTime></Esri><dataIdInfo><envirDesc Sync="TRUE">Microsoft Windows 10 Version 10.0 (Build 26100) ; Esri ArcGIS 13.5.2.57366</envirDesc><dataLang><languageCode value="eng" Sync="TRUE"></languageCode><countryCode value="USA" Sync="TRUE"></countryCode></dataLang><idCitation><resTitle Sync="TRUE">WEAP_Catchment</resTitle><presForm><PresFormCd value="005" Sync="TRUE"></PresFormCd></presForm></idCitation><spatRpType><SpatRepTypCd value="001" Sync="TRUE"></SpatRepTypCd></spatRpType></dataIdInfo><mdLang><languageCode value="eng" Sync="TRUE"></languageCode><countryCode value="USA" Sync="TRUE"></countryCode></mdLang><mdChar><CharSetCd value="004" Sync="TRUE"></CharSetCd></mdChar><distInfo><distFormat><formatName Sync="TRUE">Shapefile</formatName></distFormat><distTranOps><transSize Sync="TRUE">0.000</transSize></distTranOps></distInfo><mdHrLv><ScopeCd value="005" Sync="TRUE"></ScopeCd></mdHrLv><mdHrLvName Sync="TRUE">dataset</mdHrLvName><refSysInfo><RefSystem><refSysID><identCode code="4326" Sync="TRUE"></identCode><idCodeSpace Sync="TRUE">EPSG</idCodeSpace><idVersion Sync="TRUE">6.2(3.0.1)</idVersion></refSysID></RefSystem></refSysInfo><spatRepInfo><VectSpatRep><geometObjs Name="WEAP_Catchment"><geoObjTyp><GeoObjTypCd value="002" Sync="TRUE"></GeoObjTypCd></geoObjTyp><geoObjCnt Sync="TRUE">0</geoObjCnt></geometObjs><topLvl><TopoLevCd value="001" Sync="TRUE"></TopoLevCd></topLvl></VectSpatRep></spatRepInfo><spdoinfo><ptvctinf><esriterm Name="WEAP_Catchment"><efeatyp Sync="TRUE">Simple</efeatyp><efeageom code="4" Sync="TRUE"></efeageom><esritopo Sync="TRUE">FALSE</esritopo><efeacnt Sync="TRUE">0</efeacnt><spindex Sync="TRUE">FALSE</spindex><linrefer Sync="TRUE">FALSE</linrefer></esriterm></ptvctinf></spdoinfo><eainfo><detailed Name="WEAP_Catchment"><enttyp><enttypl Sync="TRUE">WEAP_Catchment</enttypl><enttypt Sync="TRUE">Feature Class</enttypt><enttypc Sync="TRUE">0</enttypc></enttyp><attr><attrlabl Sync="TRUE">FID</attrlabl><attalias Sync="TRUE">FID</attalias><attrtype Sync="TRUE">OID</attrtype><attwidth Sync="TRUE">4</attwidth><atprecis Sync="TRUE">0</atprecis><attscale Sync="TRUE">0</attscale><attrdef Sync="TRUE">Internal feature number.</attrdef><attrdefs Sync="TRUE">Esri</attrdefs><attrdomv><udom Sync="TRUE">Sequential unique whole numbers that are automatically generated.</udom></attrdomv></attr><attr><attrlabl Sync="TRUE">Shape</attrlabl><attalias Sync="TRUE">Shape</attalias><attrtype Sync="TRUE">Geometry</attrtype><attwidth Sync="TRUE">0</attwidth><atprecis Sync="TRUE">0</atprecis><attscale Sync="TRUE">0</attscale><attrdef Sync="TRUE">Feature geometry.</attrdef><attrdefs Sync="TRUE">Esri</attrdefs><attrdomv><udom Sync="TRUE">Coordinates defining the features.</udom></attrdomv></attr><attr><attrlabl Sync="TRUE">ObjID</attrlabl><attalias Sync="TRUE">ObjID</attalias><attrtype Sync="TRUE">Integer</attrtype><attwidth Sync="TRUE">6</attwidth><atprecis Sync="TRUE">6</atprecis><attscale Sync="TRUE">0</attscale></attr><attr><attrlabl Sync="TRUE">BasinID</attrlabl><attalias Sync="TRUE">BasinID</attalias><attrtype Sync="TRUE">Integer</attrtype><attwidth Sync="TRUE">6</attwidth><atprecis Sync="TRUE">6</atprecis><attscale Sync="TRUE">0</attscale></attr><attr><attrlabl Sync="TRUE">Name</attrlabl><attalias Sync="TRUE">Name</attalias><attrtype Sync="TRUE">String</attrtype><attwidth Sync="TRUE">80</attwidth><atprecis Sync="TRUE">0</atprecis><attscale Sync="TRUE">0</attscale></attr><attr><attrlabl Sync="TRUE">NumCells</attrlabl><attalias Sync="TRUE">NumCells</attalias><attrtype Sync="TRUE">Double</attrtype><attwidth Sync="TRUE">12</attwidth><atprecis Sync="TRUE">12</atprecis><attscale Sync="TRUE">0</attscale></attr><attr><attrlabl Sync="TRUE">Area_KM2</attrlabl><attalias Sync="TRUE">Area_KM2</attalias><attrtype Sync="TRUE">Double</attrtype><attwidth Sync="TRUE">15</attwidth><atprecis Sync="TRUE">14</atprecis><attscale Sync="TRUE">3</attscale></attr><attr><attrlabl Sync="TRUE">PourPtLon</attrlabl><attalias Sync="TRUE">PourPtLon</attalias><attrtype Sync="TRUE">Double</attrtype><attwidth Sync="TRUE">11</attwidth><atprecis Sync="TRUE">10</atprecis><attscale Sync="TRUE">6</attscale></attr><attr><attrlabl Sync="TRUE">PourPtLat</attrlabl><attalias Sync="TRUE">PourPtLat</attalias><attrtype Sync="TRUE">Double</attrtype><attwidth Sync="TRUE">11</attwidth><atprecis Sync="TRUE">10</atprecis><attscale Sync="TRUE">6</attscale></attr><attr><attrlabl Sync="TRUE">HeadFPtLon</attrlabl><attalias Sync="TRUE">HeadFPtLon</attalias><attrtype Sync="TRUE">Double</attrtype><attwidth Sync="TRUE">11</attwidth><atprecis Sync="TRUE">10</atprecis><attscale Sync="TRUE">6</attscale></attr><attr><attrlabl Sync="TRUE">HeadFPtLat</attrlabl><attalias Sync="TRUE">HeadFPtLat</attalias><attrtype Sync="TRUE">Double</attrtype><attwidth Sync="TRUE">11</attwidth><atprecis Sync="TRUE">10</atprecis><attscale Sync="TRUE">6</attscale></attr><attr><attrlabl Sync="TRUE">lDrawRiver</attrlabl><attalias Sync="TRUE">lDrawRiver</attalias><attrtype Sync="TRUE">Integer</attrtype><attwidth Sync="TRUE">5</attwidth><atprecis Sync="TRUE">5</atprecis><attscale Sync="TRUE">0</attscale></attr><attr><attrlabl Sync="TRUE">RiverID</attrlabl><attalias Sync="TRUE">RiverID</attalias><attrtype Sync="TRUE">Integer</attrtype><attwidth Sync="TRUE">6</attwidth><atprecis Sync="TRUE">6</atprecis><attscale Sync="TRUE">0</attscale></attr><attr><attrlabl Sync="TRUE">lRiverEnd</attrlabl><attalias Sync="TRUE">lRiverEnd</attalias><attrtype Sync="TRUE">Integer</attrtype><attwidth Sync="TRUE">5</attwidth><atprecis Sync="TRUE">5</atprecis><attscale Sync="TRUE">0</attscale></attr><attr><attrlabl Sync="TRUE">InflowLon</attrlabl><attalias Sync="TRUE">InflowLon</attalias><attrtype Sync="TRUE">Double</attrtype><attwidth Sync="TRUE">11</attwidth><atprecis Sync="TRUE">10</atprecis><attscale Sync="TRUE">6</attscale></attr><attr><attrlabl Sync="TRUE">InflowLat</attrlabl><attalias Sync="TRUE">InflowLat</attalias><attrtype Sync="TRUE">Double</attrtype><attwidth Sync="TRUE">11</attwidth><atprecis Sync="TRUE">10</atprecis><attscale Sync="TRUE">6</attscale></attr><attr><attrlabl Sync="TRUE">MinElev</attrlabl><attalias Sync="TRUE">MinElev</attalias><attrtype Sync="TRUE">Integer</attrtype><attwidth Sync="TRUE">5</attwidth><atprecis Sync="TRUE">5</atprecis><attscale Sync="TRUE">0</attscale></attr><attr><attrlabl Sync="TRUE">MaxElev</attrlabl><attalias Sync="TRUE">MaxElev</attalias><attrtype Sync="TRUE">Integer</attrtype><attwidth Sync="TRUE">5</attwidth><atprecis Sync="TRUE">5</atprecis><attscale Sync="TRUE">0</attscale></attr><attr><attrlabl Sync="TRUE">AvgElev</attrlabl><attalias Sync="TRUE">AvgElev</attalias><attrtype Sync="TRUE">Integer</attrtype><attwidth Sync="TRUE">5</attwidth><atprecis Sync="TRUE">5</atprecis><attscale Sync="TRUE">0</attscale></attr></detailed></eainfo><mdDateSt Sync="TRUE">20250803</mdDateSt></metadata>
